title,description
Estudar Node.js,Aprender fundamentos do Node.js
Implementar API REST,Criar endpoints para tarefas
Testar aplicação,Escrever testes unitários
Documentar código,Adicionar comentários e README
Configurar ambiente,Instalar dependências e configurar o projeto
Refatorar código,Melhorar organização e legibilidade
Estudar Express,Aprender sobre rotas e middlewares
Implementar autenticação,Adicionar login e proteção de rotas
Deploy da aplicação,Publicar projeto em ambiente online
Estudar banco dedados,Aprender integração com bancos